alpha_rad,beta_rad,CL
-0.174532925,-0.523598776,-0.009000
-0.174532925,-0.436332313,-0.007000
-0.174532925,-0.349065850,-0.000000
-0.174532925,-0.261799388,0.001000
-0.174532925,-0.174532925,0.003000
-0.174532925,-0.087266463,0.001000
-0.174532925,0.000000000,0.000000
-0.174532925,0.087266463,-0.001000
-0.174532925,0.174532925,-0.003000
-0.174532925,0.261799388,-0.001000
-0.174532925,0.349065850,0.000000
-0.174532925,0.436332313,0.007000
-0.174532925,0.523598776,0.009000
-0.087266463,-0.523598776,0.011000
-0.087266463,-0.436332313,0.010000
-0.087266463,-0.349065850,0.010000
-0.087266463,-0.261799388,0.010000
-0.087266463,-0.174532925,0.009000
-0.087266463,-0.087266463,0.004000
-0.087266463,0.000000000,0.000000
-0.087266463,0.087266463,-0.004000
-0.087266463,0.174532925,-0.009000
-0.087266463,0.261799388,-0.010000
-0.087266463,0.349065850,-0.010000
-0.087266463,0.436332313,-0.010000
-0.087266463,0.523598776,-0.011000
0.000000000,-0.523598776,0.023000
0.000000000,-0.436332313,0.023000
0.000000000,-0.349065850,0.022000
0.000000000,-0.261799388,0.020000
0.000000000,-0.174532925,0.017000
0.000000000,-0.087266463,0.008000
0.000000000,0.000000000,0.000000
0.000000000,0.087266463,-0.008000
0.000000000,0.174532925,-0.017000
0.000000000,0.261799388,-0.020000
0.000000000,0.349065850,-0.022000
0.000000000,0.436332313,-0.023000
0.000000000,0.523598776,-0.023000
0.087266463,-0.523598776,0.037000
0.087266463,-0.436332313,0.034000
0.087266463,-0.349065850,0.034000
0.087266463,-0.261799388,0.030000
0.087266463,-0.174532925,0.024000
0.087266463,-0.087266463,0.012000
0.087266463,0.000000000,0.000000
0.087266463,0.087266463,-0.012000
0.087266463,0.174532925,-0.024000
0.087266463,0.261799388,-0.030000
0.087266463,0.349065850,-0.034000
0.087266463,0.436332313,-0.034000
0.087266463,0.523598776,-0.037000
0.174532925,-0.523598776,0.050000
0.174532925,-0.436332313,0.049000
0.174532925,-0.349065850,0.047000
0.174532925,-0.261799388,0.039000
0.174532925,-0.174532925,0.030000
0.174532925,-0.087266463,0.016000
0.174532925,0.000000000,0.000000
0.174532925,0.087266463,-0.016000
0.174532925,0.174532925,-0.030000
0.174532925,0.261799388,-0.039000
0.174532925,0.349065850,-0.047000
0.174532925,0.436332313,-0.049000
0.174532925,0.523598776,-0.050000
0.261799388,-0.523598776,0.068000
0.261799388,-0.436332313,0.063000
0.261799388,-0.349065850,0.060000
0.261799388,-0.261799388,0.054000
0.261799388,-0.174532925,0.041000
0.261799388,-0.087266463,0.022000
0.261799388,0.000000000,0.000000
0.261799388,0.087266463,-0.022000
0.261799388,0.174532925,-0.041000
0.261799388,0.261799388,-0.054000
0.261799388,0.349065850,-0.060000
0.261799388,0.436332313,-0.063000
0.261799388,0.523598776,-0.068000
0.349065850,-0.523598776,0.089000
0.349065850,-0.436332313,0.081000
0.349065850,-0.349065850,0.069000
0.349065850,-0.261799388,0.057000
0.349065850,-0.174532925,0.045000
0.349065850,-0.087266463,0.022000
0.349065850,0.000000000,0.000000
0.349065850,0.087266463,-0.022000
0.349065850,0.174532925,-0.045000
0.349065850,0.261799388,-0.057000
0.349065850,0.349065850,-0.069000
0.349065850,0.436332313,-0.081000
0.349065850,0.523598776,-0.089000
0.436332313,-0.523598776,0.088000
0.436332313,-0.436332313,0.079000
0.436332313,-0.349065850,0.067000
0.436332313,-0.261799388,0.054000
0.436332313,-0.174532925,0.040000
0.436332313,-0.087266463,0.021000
0.436332313,0.000000000,0.000000
0.436332313,0.087266463,-0.021000
0.436332313,0.174532925,-0.040000
0.436332313,0.261799388,-0.054000
0.436332313,0.349065850,-0.067000
0.436332313,0.436332313,-0.079000
0.436332313,0.523598776,-0.088000
0.523598776,-0.523598776,0.091000
0.523598776,-0.436332313,0.060000
0.523598776,-0.349065850,0.033000
0.523598776,-0.261799388,0.023000
0.523598776,-0.174532925,0.016000
0.523598776,-0.087266463,0.015000
0.523598776,0.000000000,0.000000
0.523598776,0.087266463,-0.015000
0.523598776,0.174532925,-0.016000
0.523598776,0.261799388,-0.023000
0.523598776,0.349065850,-0.033000
0.523598776,0.436332313,-0.060000
0.523598776,0.523598776,-0.091000
0.610865238,-0.523598776,0.076000
0.610865238,-0.436332313,0.058000
0.610865238,-0.349065850,0.036000
0.610865238,-0.261799388,0.006000
0.610865238,-0.174532925,0.002000
0.610865238,-0.087266463,0.008000
0.610865238,0.000000000,0.000000
0.610865238,0.087266463,-0.008000
0.610865238,0.174532925,-0.002000
0.610865238,0.261799388,-0.006000
0.610865238,0.349065850,-0.036000
0.610865238,0.436332313,-0.058000
0.610865238,0.523598776,-0.076000
0.698131701,-0.523598776,0.077000
0.698131701,-0.436332313,0.062000
0.698131701,-0.349065850,0.035000
0.698131701,-0.261799388,0.014000
0.698131701,-0.174532925,0.010000
0.698131701,-0.087266463,0.013000
0.698131701,0.000000000,0.000000
0.698131701,0.087266463,-0.013000
0.698131701,0.174532925,-0.010000
0.698131701,0.261799388,-0.014000
0.698131701,0.349065850,-0.035000
0.698131701,0.436332313,-0.062000
0.698131701,0.523598776,-0.077000
0.785398163,-0.523598776,0.076000
0.785398163,-0.436332313,0.059000
0.785398163,-0.349065850,0.035000
0.785398163,-0.261799388,0.027000
0.785398163,-0.174532925,0.019000
0.785398163,-0.087266463,0.015000
0.785398163,0.000000000,0.000000
0.785398163,0.087266463,-0.015000
0.785398163,0.174532925,-0.019000
0.785398163,0.261799388,-0.027000
0.785398163,0.349065850,-0.035000
0.785398163,0.436332313,-0.059000
0.785398163,0.523598776,-0.076000
