time,x,y,z,vx,vy,vz,phi,theta,psi,p,q,r,elevator,aileron,rudder,throttle,elevator_cmd,aileron_cmd,rudder_cmd,throttle_cmd,tvc_pitch,tvc_yaw,alpha,beta,mach,airspeed,altitude,mass,thrust,pitch_sp,roll_sp,heading_sp,altitude_sp,speed_sp,qbar
0,0,0,-6000,260,0,0,0,-0,0,0,0,0,0,0,0,0,0,0,0,0,0,0,0,0,0.82161032,260,6000,1,0,nan,nan,nan,nan,nan,22311.763
0.02,5.2,0,-6000,260,0,0,0,-0,0,0,0,0,0,0,0,0,0,0,0,0,0,0,0,0,0.82161032,260,6000,1,0,nan,nan,nan,nan,nan,22311.763
0.04,10.4,0,-6000,260,0,0,0,-0,0,0,0,0,0,0,0,0,0,0,0,0,0,0,0,0,0.82161032,260,6000,1,0,nan,nan,nan,nan,nan,22311.763
0.06,15.6,0,-6000,260,0,0,0,-0,0,0,0,0,0,0,0,0,0,0,0,0,0,0,0,0,0.82161032,260,6000,1,0,nan,nan,nan,nan,nan,22311.763
0.08,20.8,0,-6000,260,0,0,0,-0,0,0,0,0,0,0,0,0,0,0,0,0,0,0,0,0,0.82161032,260,6000,1,0,nan,nan,nan,nan,nan,22311.763
0.1,26,0,-6000,260,0,0,0,-0,0,0,0,0,0,0,0,0,0,0,0,0,0,0,0,0,0.82161032,260,6000,1,0,nan,nan,nan,nan,nan,22311.763
0.12,31.2,0,-6000,260,0,0,0,-0,0,0,0,0,0,0,0,0,0,0,0,0,0,0,0,0,0.82161032,260,6000,1,0,nan,nan,nan,nan,nan,22311.763
0.14,36.4,0,-6000,260,0,0,0,-0,0,0,0,0,0,0,0,0,0,0,0,0,0,0,0,0,0.82161032,260,6000,1,0,nan,nan,nan,nan,nan,22311.763
0.16,41.6,0,-6000,260,0,0,0,-0,0,0,0,0,0,0,0,0,0,0,0,0,0,0,0,0,0.82161032,260,6000,1,0,nan,nan,nan,nan,nan,22311.763
0.18,46.8,0,-6000,260,0,0,0,-0,0,0,0,0,0,0,0,0,0,0,0,0,0,0,0,0,0.82161032,260,6000,1,0,nan,nan,nan,nan,nan,22311.763
0.2,52,0,-6000,260,0,0,0,-0,0,0,0,0,0,0,0,0,0,0,0,0,0,0,0,0,0.82161032,260,6000,1,0,nan,nan,nan,nan,nan,22311.763
0.22,57.2,0,-6000,260,0,0,0,-0,0,0,0,0,0,0,0,0,0,0,0,0,0,0,0,0,0.82161032,260,6000,1,0,nan,nan,nan,nan,nan,22311.763
0.24,62.4,0,-6000,260,0,0,0,-0,0,0,0,0,0,0,0,0,0,0,0,0,0,0,0,0,0.82161032,260,6000,1,0,nan,nan,nan,nan,nan,22311.763
0.26,67.6,0,-6000,260,0,0,0,-0,0,0,0,0,0,0,0,0,0,0,0,0,0,0,0,0,0.82161032,260,6000,1,0,nan,nan,nan,nan,nan,22311.763
0.28,72.8,0,-6000,260,0,0,0,-0,0,0,0,0,0,0,0,0,0,0,0,0,0,0,0,0,0.82161032,260,6000,1,0,nan,nan,nan,nan,nan,22311.763
0.3,78,0,-6000,260,0,0,0,-0,0,0,0,0,0,0,0,0,0,0,0,0,0,0,0,0,0.82161032,260,6000,1,0,nan,nan,nan,nan,nan,22311.763
0.32,83.2,0,-6000,260,0,0,0,-0,0,0,0,0,0,0,0,0,0,0,0,0,0,0,0,0,0.82161032,260,6000,1,0,nan,nan,nan,nan,nan,22311.763
0.34,88.4,0,-6000,260,0,0,0,-0,0,0,0,0,0,0,0,0,0,0,0,0,0,0,0,0,0.82161032,260,6000,1,0,nan,nan,nan,nan,nan,22311.763
0.36,93.6,0,-6000,260,0,0,0,-0,0,0,0,0,0,0,0,0,0,0,0,0,0,0,0,0,0.82161032,260,6000,1,0,nan,nan,nan,nan,nan,22311.763
0.38,98.8,0,-6000,260,0,0,0,-0,0,0,0,0,0,0,0,0,0,0,0,0,0,0,0,0,0.82161032,260,6000,1,0,nan,nan,nan,nan,nan,22311.763
0.4,104,0,-6000,260,0,0,0,-0,0,0,0,0,0,0,0,0,0,0,0,0,0,0,0,0,0.82161032,260,6000,1,0,nan,nan,nan,nan,nan,22311.763
0.42,109.2,0,-6000,260,0,0,0,-0,0,0,0,0,0,0,0,0,0,0,0,0,0,0,0,0,0.82161032,260,6000,1,0,nan,nan,nan,nan,nan,22311.763
0.44,114.4,0,-6000,260,0,0,0,-0,0,0,0,0,0,0,0,0,0,0,0,0,0,0,0,0,0.82161032,260,6000,1,0,nan,nan,nan,nan,nan,22311.763
0.46,119.6,0,-6000,260,0,0,0,-0,0,0,0,0,0,0,0,0,0,0,0,0,0,0,0,0,0.82161032,260,6000,1,0,nan,nan,nan,nan,nan,22311.763
0.48,124.8,0,-6000,260,0,0,0,-0,0,0,0,0,0,0,0,0,0,0,0,0,0,0,0,0,0.82161032,260,6000,1,0,nan,nan,nan,nan,nan,22311.763
0.5,130,0,-6000,260,0,0,0,-0,0,0,0,0,0,0,0,0,0,0,0,0,0,0,0,0,0.82161032,260,6000,1,0,nan,nan,nan,nan,nan,22311.763
0.52,135.2,0,-6000,260,0,0,0,-0,0,0,0,0,0,0,0,0,0,0,0,0,0,0,0,0,0.82161032,260,6000,1,0,nan,nan,nan,nan,nan,22311.763
0.54,140.4,0,-6000,260,0,0,0,-0,0,0,0,0,0,0,0,0,0,0,0,0,0,0,0,0,0.82161032,260,6000,1,0,nan,nan,nan,nan,nan,22311.763
0.56,145.6,0,-6000,260,0,0,0,-0,0,0,0,0,0,0,0,0,0,0,0,0,0,0,0,0,0.82161032,260,6000,1,0,nan,nan,nan,nan,nan,22311.763
0.58,150.8,0,-6000,260,0,0,0,-0,0,0,0,0,0,0,0,0,0,0,0,0,0,0,0,0,0.82161032,260,6000,1,0,nan,nan,nan,nan,nan,22311.763
0.6,156,0,-6000,260,0,0,0,-0,0,0,0,0,0,0,0,0,0,0,0,0,0,0,0,0,0.82161032,260,6000,1,0,nan,nan,nan,nan,nan,22311.763
0.62,161.2,0,-6000,260,0,0,0,-0,0,0,0,0,0,0,0,0,0,0,0,0,0,0,0,0,0.82161032,260,6000,1,0,nan,nan,nan,nan,nan,22311.763
0.64,166.4,0,-6000,260,0,0,0,-0,0,0,0,0,0,0,0,0,0,0,0,0,0,0,0,0,0.82161032,260,6000,1,0,nan,nan,nan,nan,nan,22311.763
0.66,171.6,0,-6000,260,0,0,0,-0,0,0,0,0,0,0,0,0,0,0,0,0,0,0,0,0,0.82161032,260,6000,1,0,nan,nan,nan,nan,nan,22311.763
0.68,176.8,0,-6000,260,0,0,0,-0,0,0,0,0,0,0,0,0,0,0,0,0,0,0,0,0,0.82161032,260,6000,1,0,nan,nan,nan,nan,nan,22311.763
0.7,182,0,-6000,260,0,0,0,-0,0,0,0,0,0,0,0,0,0,0,0,0,0,0,0,0,0.82161032,260,6000,1,0,nan,nan,nan,nan,nan,22311.763
0.72,187.2,0,-6000,260,0,0,0,-0,0,0,0,0,0,0,0,0,0,0,0,0,0,0,0,0,0.82161032,260,6000,1,0,nan,nan,nan,nan,nan,22311.763
0.74,192.4,0,-6000,260,0,0,0,-0,0,0,0,0,0,0,0,0,0,0,0,0,0,0,0,0,0.82161032,260,6000,1,0,nan,nan,nan,nan,nan,22311.763
0.76,197.6,0,-6000,260,0,0,0,-0,0,0,0,0,0,0,0,0,0,0,0,0,0,0,0,0,0.82161032,260,6000,1,0,nan,nan,nan,nan,nan,22311.763
0.78,202.8,0,-6000,260,0,0,0,-0,0,0,0,0,0,0,0,0,0,0,0,0,0,0,0,0,0.82161032,260,6000,1,0,nan,nan,nan,nan,nan,22311.763
0.8,208,0,-6000,260,0,0,0,-0,0,0,0,0,0,0,0,0,0,0,0,0,0,0,0,0,0.82161032,260,6000,1,0,nan,nan,nan,nan,nan,22311.763
0.82,213.2,0,-6000,260,0,0,0,-0,0,0,0,0,0,0,0,0,0,0,0,0,0,0,0,0,0.82161032,260,6000,1,0,nan,nan,nan,nan,nan,22311.763
0.84,218.4,0,-6000,260,0,0,0,-0,0,0,0,0,0,0,0,0,0,0,0,0,0,0,0,0,0.82161032,260,6000,1,0,nan,nan,nan,nan,nan,22311.763
0.86,223.6,0,-6000,260,0,0,0,-0,0,0,0,0,0,0,0,0,0,0,0,0,0,0,0,0,0.82161032,260,6000,1,0,nan,nan,nan,nan,nan,22311.763
0.88,228.8,0,-6000,260,0,0,0,-0,0,0,0,0,0,0,0,0,0,0,0,0,0,0,0,0,0.82161032,260,6000,1,0,nan,nan,nan,nan,nan,22311.763
0.9,234,0,-6000,260,0,0,0,-0,0,0,0,0,0,0,0,0,0,0,0,0,0,0,0,0,0.82161032,260,6000,1,0,nan,nan,nan,nan,nan,22311.763
0.92,239.2,0,-6000,260,0,0,0,-0,0,0,0,0,0,0,0,0,0,0,0,0,0,0,0,0,0.82161032,260,6000,1,0,nan,nan,nan,nan,nan,22311.763
0.94,244.4,0,-6000,260,0,0,0,-0,0,0,0,0,0,0,0,0,0,0,0,0,0,0,0,0,0.82161032,260,6000,1,0,nan,nan,nan,nan,nan,22311.763
0.96,249.6,0,-6000,260,0,0,0,-0,0,0,0,0,0,0,0,0,0,0,0,0,0,0,0,0,0.82161032,260,6000,1,0,nan,nan,nan,nan,nan,22311.763
0.98,254.8,0,-6000,260,0,0,0,-0,0,0,0,0,0,0,0,0,0,0,0,0,0,0,0,0,0.82161032,260,6000,1,0,nan,nan,nan,nan,nan,22311.763
1,260,0,-6000,260,0,0,0,-0,0,0,0,0,0,0,0,0,0,0,0,0,0,0,0,0,0.82161032,260,6000,1,0,nan,nan,nan,nan,nan,22311.763
1.02,265.2,0,-6000,260,0,0,0,-0,0,0,0,0,0,0,0,0,0,0,0,0,0,0,0,0,0.82161032,260,6000,1,0,nan,nan,nan,nan,nan,22311.763
1.04,270.4,0,-6000,260,0,0,0,-0,0,0,0,0,0,0,0,0,0,0,0,0,0,0,0,0,0.82161032,260,6000,1,0,nan,nan,nan,nan,nan,22311.763
1.06,275.6,0,-6000,260,0,0,0,-0,0,0,0,0,0,0,0,0,0,0,0,0,0,0,0,0,0.82161032,260,6000,1,0,nan,nan,nan,nan,nan,22311.763
1.08,280.8,0,-6000,260,0,0,0,-0,0,0,0,0,0,0,0,0,0,0,0,0,0,0,0,0,0.82161032,260,6000,1,0,nan,nan,nan,nan,nan,22311.763
1.1,286,0,-6000,260,0,0,0,-0,0,0,0,0,0,0,0,0,0,0,0,0,0,0,0,0,0.82161032,260,6000,1,0,nan,nan,nan,nan,nan,22311.763
1.12,291.2,0,-6000,260,0,0,0,-0,0,0,0,0,0,0,0,0,0,0,0,0,0,0,0,0,0.82161032,260,6000,1,0,nan,nan,nan,nan,nan,22311.763
1.14,296.4,0,-6000,260,0,0,0,-0,0,0,0,0,0,0,0,0,0,0,0,0,0,0,0,0,0.82161032,260,6000,1,0,nan,nan,nan,nan,nan,22311.763
1.16,301.6,0,-6000,260,0,0,0,-0,0,0,0,0,0,0,0,0,0,0,0,0,0,0,0,0,0.82161032,260,6000,1,0,nan,nan,nan,nan,nan,22311.763
1.18,306.8,0,-6000,260,0,0,0,-0,0,0,0,0,0,0,0,0,0,0,0,0,0,0,0,0,0.82161032,260,6000,1,0,nan,nan,nan,nan,nan,22311.763
1.2,312,0,-6000,260,0,0,0,-0,0,0,0,0,0,0,0,0,0,0,0,0,0,0,0,0,0.82161032,260,6000,1,0,nan,nan,nan,nan,nan,22311.763
1.22,317.2,0,-6000,260,0,0,0,-0,0,0,0,0,0,0,0,0,0,0,0,0,0,0,0,0,0.82161032,260,6000,1,0,nan,nan,nan,nan,nan,22311.763
1.24,322.4,0,-6000,260,0,0,0,-0,0,0,0,0,0,0,0,0,0,0,0,0,0,0,0,0,0.82161032,260,6000,1,0,nan,nan,nan,nan,nan,22311.763
1.26,327.6,0,-6000,260,0,0,0,-0,0,0,0,0,0,0,0,0,0,0,0,0,0,0,0,0,0.82161032,260,6000,1,0,nan,nan,nan,nan,nan,22311.763
1.28,332.8,0,-6000,260,0,0,0,-0,0,0,0,0,0,0,0,0,0,0,0,0,0,0,0,0,0.82161032,260,6000,1,0,nan,nan,nan,nan,nan,22311.763
1.3,338,0,-6000,260,0,0,0,-0,0,0,0,0,0,0,0,0,0,0,0,0,0,0,0,0,0.82161032,260,6000,1,0,nan,nan,nan,nan,nan,22311.763
1.32,343.2,0,-6000,260,0,0,0,-0,0,0,0,0,0,0,0,0,0,0,0,0,0,0,0,0,0.82161032,260,6000,1,0,nan,nan,nan,nan,nan,22311.763
1.34,348.4,0,-6000,260,0,0,0,-0,0,0,0,0,0,0,0,0,0,0,0,0,0,0,0,0,0.82161032,260,6000,1,0,nan,nan,nan,nan,nan,22311.763
1.36,353.6,0,-6000,260,0,0,0,-0,0,0,0,0,0,0,0,0,0,0,0,0,0,0,0,0,0.82161032,260,6000,1,0,nan,nan,nan,nan,nan,22311.763
1.38,358.8,0,-6000,260,0,0,0,-0,0,0,0,0,0,0,0,0,0,0,0,0,0,0,0,0,0.82161032,260,6000,1,0,nan,nan,nan,nan,nan,22311.763
1.4,364,0,-6000,260,0,0,0,-0,0,0,0,0,0,0,0,0,0,0,0,0,0,0,0,0,0.82161032,260,6000,1,0,nan,nan,nan,nan,nan,22311.763
1.42,369.2,0,-6000,260,0,0,0,-0,0,0,0,0,0,0,0,0,0,0,0,0,0,0,0,0,0.82161032,260,6000,1,0,nan,nan,nan,nan,nan,22311.763
1.44,374.4,0,-6000,260,0,0,0,-0,0,0,0,0,0,0,0,0,0,0,0,0,0,0,0,0,0.82161032,260,6000,1,0,nan,nan,nan,nan,nan,22311.763
1.46,379.6,0,-6000,260,0,0,0,-0,0,0,0,0,0,0,0,0,0,0,0,0,0,0,0,0,0.82161032,260,6000,1,0,nan,nan,nan,nan,nan,22311.763
1.48,384.8,0,-6000,260,0,0,0,-0,0,0,0,0,0,0,0,0,0,0,0,0,0,0,0,0,0.82161032,260,6000,1,0,nan,nan,nan,nan,nan,22311.763
1.5,390,0,-6000,260,0,0,0,-0,0,0,0,0,0,0,0,0,0,0,0,0,0,0,0,0,0.82161032,260,6000,1,0,nan,nan,nan,nan,nan,22311.763
1.52,395.2,0,-6000,260,0,0,0,-0,0,0,0,0,0,0,0,0,0,0,0,0,0,0,0,0,0.82161032,260,6000,1,0,nan,nan,nan,nan,nan,22311.763
1.54,400.4,0,-6000,260,0,0,0,-0,0,0,0,0,0,0,0,0,0,0,0,0,0,0,0,0,0.82161032,260,6000,1,0,nan,nan,nan,nan,nan,22311.763
1.56,405.6,0,-6000,260,0,0,0,-0,0,0,0,0,0,0,0,0,0,0,0,0,0,0,0,0,0.82161032,260,6000,1,0,nan,nan,nan,nan,nan,22311.763
1.58,410.8,0,-6000,260,0,0,0,-0,0,0,0,0,0,0,0,0,0,0,0,0,0,0,0,0,0.82161032,260,6000,1,0,nan,nan,nan,nan,nan,22311.763
1.6,416,0,-6000,260,0,0,0,-0,0,0,0,0,0,0,0,0,0,0,0,0,0,0,0,0,0.82161032,260,6000,1,0,nan,nan,nan,nan,nan,22311.763
1.62,421.2,0,-6000,260,0,0,0,-0,0,0,0,0,0,0,0,0,0,0,0,0,0,0,0,0,0.82161032,260,6000,1,0,nan,nan,nan,nan,nan,22311.763
1.64,426.4,0,-6000,260,0,0,0,-0,0,0,0,0,0,0,0,0,0,0,0,0,0,0,0,0,0.82161032,260,6000,1,0,nan,nan,nan,nan,nan,22311.763
1.66,431.6,0,-6000,260,0,0,0,-0,0,0,0,0,0,0,0,0,0,0,0,0,0,0,0,0,0.82161032,260,6000,1,0,nan,nan,nan,nan,nan,22311.763
1.68,436.8,0,-6000,260,0,0,0,-0,0,0,0,0,0,0,0,0,0,0,0,0,0,0,0,0,0.82161032,260,6000,1,0,nan,nan,nan,nan,nan,22311.763
1.7,442,0,-6000,260,0,0,0,-0,0,0,0,0,0,0,0,0,0,0,0,0,0,0,0,0,0.82161032,260,6000,1,0,nan,nan,nan,nan,nan,22311.763
1.72,447.2,0,-6000,260,0,0,0,-0,0,0,0,0,0,0,0,0,0,0,0,0,0,0,0,0,0.82161032,260,6000,1,0,nan,nan,nan,nan,nan,22311.763
1.74,452.4,0,-6000,260,0,0,0,-0,0,0,0,0,0,0,0,0,0,0,0,0,0,0,0,0,0.82161032,260,6000,1,0,nan,nan,nan,nan,nan,22311.763
1.76,457.6,0,-6000,260,0,0,0,-0,0,0,0,0,0,0,0,0,0,0,0,0,0,0,0,0,0.82161032,260,6000,1,0,nan,nan,nan,nan,nan,22311.763
1.78,462.8,0,-6000,260,0,0,0,-0,0,0,0,0,0,0,0,0,0,0,0,0,0,0,0,0,0.82161032,260,6000,1,0,nan,nan,nan,nan,nan,22311.763
1.8,468,0,-6000,260,0,0,0,-0,0,0,0,0,0,0,0,0,0,0,0,0,0,0,0,0,0.82161032,260,6000,1,0,nan,nan,nan,nan,nan,22311.763
1.82,473.2,0,-6000,260,0,0,0,-0,0,0,0,0,0,0,0,0,0,0,0,0,0,0,0,0,0.82161032,260,6000,1,0,nan,nan,nan,nan,nan,22311.763
1.84,478.4,0,-6000,260,0,0,0,-0,0,0,0,0,0,0,0,0,0,0,0,0,0,0,0,0,0.82161032,260,6000,1,0,nan,nan,nan,nan,nan,22311.763
1.86,483.6,0,-6000,260,0,0,0,-0,0,0,0,0,0,0,0,0,0,0,0,0,0,0,0,0,0.82161032,260,6000,1,0,nan,nan,nan,nan,nan,22311.763
1.88,488.8,0,-6000,260,0,0,0,-0,0,0,0,0,0,0,0,0,0,0,0,0,0,0,0,0,0.82161032,260,6000,1,0,nan,nan,nan,nan,nan,22311.763
1.9,494,0,-6000,260,0,0,0,-0,0,0,0,0,0,0,0,0,0,0,0,0,0,0,0,0,0.82161032,260,6000,1,0,nan,nan,nan,nan,nan,22311.763
1.92,499.2,0,-6000,260,0,0,0,-0,0,0,0,0,0,0,0,0,0,0,0,0,0,0,0,0,0.82161032,260,6000,1,0,nan,nan,nan,nan,nan,22311.763
1.94,504.4,0,-6000,260,0,0,0,-0,0,0,0,0,0,0,0,0,0,0,0,0,0,0,0,0,0.82161032,260,6000,1,0,nan,nan,nan,nan,nan,22311.763
1.96,509.6,0,-6000,260,0,0,0,-0,0,0,0,0,0,0,0,0,0,0,0,0,0,0,0,0,0.82161032,260,6000,1,0,nan,nan,nan,nan,nan,22311.763
1.98,514.8,0,-6000,260,0,0,0,-0,0,0,0,0,0,0,0,0,0,0,0,0,0,0,0,0,0.82161032,260,6000,1,0,nan,nan,nan,nan,nan,22311.763
2,520,0,-6000,260,0,0,0,-0,0,0,0,0,0,0,0,0,0,0,0,0,0,0,0,0,0.82161032,260,6000,1,0,nan,nan,nan,nan,nan,22311.763
2.02,525.2,0,-6000,260,0,0,0,-0,0,0,0,0,0,0,0,0,0,0,0,0,0,0,0,0,0.82161032,260,6000,1,0,nan,nan,nan,nan,nan,22311.763
2.04,530.4,0,-6000,260,0,0,0,-0,0,0,0,0,0,0,0,0,0,0,0,0,0,0,0,0,0.82161032,260,6000,1,0,nan,nan,nan,nan,nan,22311.763
2.06,535.6,0,-6000,260,0,0,0,-0,0,0,0,0,0,0,0,0,0,0,0,0,0,0,0,0,0.82161032,260,6000,1,0,nan,nan,nan,nan,nan,22311.763
2.08,540.8,0,-6000,260,0,0,0,-0,0,0,0,0,0,0,0,0,0,0,0,0,0,0,0,0,0.82161032,260,6000,1,0,nan,nan,nan,nan,nan,22311.763
2.1,546,0,-6000,260,0,0,0,-0,0,0,0,0,0,0,0,0,0,0,0,0,0,0,0,0,0.82161032,260,6000,1,0,nan,nan,nan,nan,nan,22311.763
2.12,551.2,0,-6000,260,0,0,0,-0,0,0,0,0,0,0,0,0,0,0,0,0,0,0,0,0,0.82161032,260,6000,1,0,nan,nan,nan,nan,nan,22311.763
2.14,556.4,0,-6000,260,0,0,0,-0,0,0,0,0,0,0,0,0,0,0,0,0,0,0,0,0,0.82161032,260,6000,1,0,nan,nan,nan,nan,nan,22311.763
2.16,561.6,0,-6000,260,0,0,0,-0,0,0,0,0,0,0,0,0,0,0,0,0,0,0,0,0,0.82161032,260,6000,1,0,nan,nan,nan,nan,nan,22311.763
2.18,566.8,0,-6000,260,0,0,0,-0,0,0,0,0,0,0,0,0,0,0,0,0,0,0,0,0,0.82161032,260,6000,1,0,nan,nan,nan,nan,nan,22311.763
2.2,572,0,-6000,260,0,0,0,-0,0,0,0,0,0,0,0,0,0,0,0,0,0,0,0,0,0.82161032,260,6000,1,0,nan,nan,nan,nan,nan,22311.763
2.22,577.2,0,-6000,260,0,0,0,-0,0,0,0,0,0,0,0,0,0,0,0,0,0,0,0,0,0.82161032,260,6000,1,0,nan,nan,nan,nan,nan,22311.763
2.24,582.4,0,-6000,260,0,0,0,-0,0,0,0,0,0,0,0,0,0,0,0,0,0,0,0,0,0.82161032,260,6000,1,0,nan,nan,nan,nan,nan,22311.763
2.26,587.6,0,-6000,260,0,0,0,-0,0,0,0,0,0,0,0,0,0,0,0,0,0,0,0,0,0.82161032,260,6000,1,0,nan,nan,nan,nan,nan,22311.763
2.28,592.8,0,-6000,260,0,0,0,-0,0,0,0,0,0,0,0,0,0,0,0,0,0,0,0,0,0.82161032,260,6000,1,0,nan,nan,nan,nan,nan,22311.763
2.3,598,0,-6000,260,0,0,0,-0,0,0,0,0,0,0,0,0,0,0,0,0,0,0,0,0,0.82161032,260,6000,1,0,nan,nan,nan,nan,nan,22311.763
2.32,603.2,0,-6000,260,0,0,0,-0,0,0,0,0,0,0,0,0,0,0,0,0,0,0,0,0,0.82161032,260,6000,1,0,nan,nan,nan,nan,nan,22311.763
2.34,608.4,0,-6000,260,0,0,0,-0,0,0,0,0,0,0,0,0,0,0,0,0,0,0,0,0,0.82161032,260,6000,1,0,nan,nan,nan,nan,nan,22311.763
2.36,613.6,0,-6000,260,0,0,0,-0,0,0,0,0,0,0,0,0,0,0,0,0,0,0,0,0,0.82161032,260,6000,1,0,nan,nan,nan,nan,nan,22311.763
2.38,618.8,0,-6000,260,0,0,0,-0,0,0,0,0,0,0,0,0,0,0,0,0,0,0,0,0,0.82161032,260,6000,1,0,nan,nan,nan,nan,nan,22311.763
2.4,624,0,-6000,260,0,0,0,-0,0,0,0,0,0,0,0,0,0,0,0,0,0,0,0,0,0.82161032,260,6000,1,0,nan,nan,nan,nan,nan,22311.763
2.42,629.2,0,-6000,260,0,0,0,-0,0,0,0,0,0,0,0,0,0,0,0,0,0,0,0,0,0.82161032,260,6000,1,0,nan,nan,nan,nan,nan,22311.763
2.44,634.4,0,-6000,260,0,0,0,-0,0,0,0,0,0,0,0,0,0,0,0,0,0,0,0,0,0.82161032,260,6000,1,0,nan,nan,nan,nan,nan,22311.763
2.46,639.6,0,-6000,260,0,0,0,-0,0,0,0,0,0,0,0,0,0,0,0,0,0,0,0,0,0.82161032,260,6000,1,0,nan,nan,nan,nan,nan,22311.763
2.48,644.8,0,-6000,260,0,0,0,-0,0,0,0,0,0,0,0,0,0,0,0,0,0,0,0,0,0.82161032,260,6000,1,0,nan,nan,nan,nan,nan,22311.763
2.5,650,0,-6000,260,0,0,0,-0,0,0,0,0,0,0,0,0,0,0,0,0,0,0,0,0,0.82161032,260,6000,1,0,nan,nan,nan,nan,nan,22311.763
2.52,655.2,0,-6000,260,0,0,0,-0,0,0,0,0,0,0,0,0,0,0,0,0,0,0,0,0,0.82161032,260,6000,1,0,nan,nan,nan,nan,nan,22311.763
2.54,660.4,0,-6000,260,0,0,0,-0,0,0,0,0,0,0,0,0,0,0,0,0,0,0,0,0,0.82161032,260,6000,1,0,nan,nan,nan,nan,nan,22311.763
2.56,665.6,0,-6000,260,0,0,0,-0,0,0,0,0,0,0,0,0,0,0,0,0,0,0,0,0,0.82161032,260,6000,1,0,nan,nan,nan,nan,nan,22311.763
2.58,670.8,0,-6000,260,0,0,0,-0,0,0,0,0,0,0,0,0,0,0,0,0,0,0,0,0,0.82161032,260,6000,1,0,nan,nan,nan,nan,nan,22311.763
2.6,676,0,-6000,260,0,0,0,-0,0,0,0,0,0,0,0,0,0,0,0,0,0,0,0,0,0.82161032,260,6000,1,0,nan,nan,nan,nan,nan,22311.763
2.62,681.2,0,-6000,260,0,0,0,-0,0,0,0,0,0,0,0,0,0,0,0,0,0,0,0,0,0.82161032,260,6000,1,0,nan,nan,nan,nan,nan,22311.763
2.64,686.4,0,-6000,260,0,0,0,-0,0,0,0,0,0,0,0,0,0,0,0,0,0,0,0,0,0.82161032,260,6000,1,0,nan,nan,nan,nan,nan,22311.763
2.66,691.6,0,-6000,260,0,0,0,-0,0,0,0,0,0,0,0,0,0,0,0,0,0,0,0,0,0.82161032,260,6000,1,0,nan,nan,nan,nan,nan,22311.763
2.68,696.8,0,-6000,260,0,0,0,-0,0,0,0,0,0,0,0,0,0,0,0,0,0,0,0,0,0.82161032,260,6000,1,0,nan,nan,nan,nan,nan,22311.763
2.7,702,0,-6000,260,0,0,0,-0,0,0,0,0,0,0,0,0,0,0,0,0,0,0,0,0,0.82161032,260,6000,1,0,nan,nan,nan,nan,nan,22311.763
2.72,707.2,0,-6000,260,0,0,0,-0,0,0,0,0,0,0,0,0,0,0,0,0,0,0,0,0,0.82161032,260,6000,1,0,nan,nan,nan,nan,nan,22311.763
2.74,712.4,0,-6000,260,0,0,0,-0,0,0,0,0,0,0,0,0,0,0,0,0,0,0,0,0,0.82161032,260,6000,1,0,nan,nan,nan,nan,nan,22311.763
2.76,717.6,0,-6000,260,0,0,0,-0,0,0,0,0,0,0,0,0,0,0,0,0,0,0,0,0,0.82161032,260,6000,1,0,nan,nan,nan,nan,nan,22311.763
2.78,722.8,0,-6000,260,0,0,0,-0,0,0,0,0,0,0,0,0,0,0,0,0,0,0,0,0,0.82161032,260,6000,1,0,nan,nan,nan,nan,nan,22311.763
2.8,728,0,-6000,260,0,0,0,-0,0,0,0,0,0,0,0,0,0,0,0,0,0,0,0,0,0.82161032,260,6000,1,0,nan,nan,nan,nan,nan,22311.763
2.82,733.2,0,-6000,260,0,0,0,-0,0,0,0,0,0,0,0,0,0,0,0,0,0,0,0,0,0.82161032,260,6000,1,0,nan,nan,nan,nan,nan,22311.763
2.84,738.4,0,-6000,260,0,0,0,-0,0,0,0,0,0,0,0,0,0,0,0,0,0,0,0,0,0.82161032,260,6000,1,0,nan,nan,nan,nan,nan,22311.763
2.86,743.6,0,-6000,260,0,0,0,-0,0,0,0,0,0,0,0,0,0,0,0,0,0,0,0,0,0.82161032,260,6000,1,0,nan,nan,nan,nan,nan,22311.763
2.88,748.8,0,-6000,260,0,0,0,-0,0,0,0,0,0,0,0,0,0,0,0,0,0,0,0,0,0.82161032,260,6000,1,0,nan,nan,nan,nan,nan,22311.763
2.9,754,0,-6000,260,0,0,0,-0,0,0,0,0,0,0,0,0,0,0,0,0,0,0,0,0,0.82161032,260,6000,1,0,nan,nan,nan,nan,nan,22311.763
2.92,759.2,0,-6000,260,0,0,0,-0,0,0,0,0,0,0,0,0,0,0,0,0,0,0,0,0,0.82161032,260,6000,1,0,nan,nan,nan,nan,nan,22311.763
2.94,764.4,0,-6000,260,0,0,0,-0,0,0,0,0,0,0,0,0,0,0,0,0,0,0,0,0,0.82161032,260,6000,1,0,nan,nan,nan,nan,nan,22311.763
2.96,769.6,0,-6000,260,0,0,0,-0,0,0,0,0,0,0,0,0,0,0,0,0,0,0,0,0,0.82161032,260,6000,1,0,nan,nan,nan,nan,nan,22311.763
2.98,774.8,0,-6000,260,0,0,0,-0,0,0,0,0,0,0,0,0,0,0,0,0,0,0,0,0,0.82161032,260,6000,1,0,nan,nan,nan,nan,nan,22311.763
3,780,0,-6000,260,0,0,0,-0,0,0,0,0,0,0,0,0,0,0,0,0,0,0,0,0,0.82161032,260,6000,1,0,nan,nan,nan,nan,nan,22311.763
3.02,785.2,0,-6000,260,0,0,0,-0,0,0,0,0,0,0,0,0,0,0,0,0,0,0,0,0,0.82161032,260,6000,1,0,nan,nan,nan,nan,nan,22311.763
3.04,790.4,0,-6000,260,0,0,0,-0,0,0,0,0,0,0,0,0,0,0,0,0,0,0,0,0,0.82161032,260,6000,1,0,nan,nan,nan,nan,nan,22311.763
3.06,795.6,0,-6000,260,0,0,0,-0,0,0,0,0,0,0,0,0,0,0,0,0,0,0,0,0,0.82161032,260,6000,1,0,nan,nan,nan,nan,nan,22311.763
3.08,800.8,0,-6000,260,0,0,0,-0,0,0,0,0,0,0,0,0,0,0,0,0,0,0,0,0,0.82161032,260,6000,1,0,nan,nan,nan,nan,nan,22311.763
3.1,806,0,-6000,260,0,0,0,-0,0,0,0,0,0,0,0,0,0,0,0,0,0,0,0,0,0.82161032,260,6000,1,0,nan,nan,nan,nan,nan,22311.763
3.12,811.2,0,-6000,260,0,0,0,-0,0,0,0,0,0,0,0,0,0,0,0,0,0,0,0,0,0.82161032,260,6000,1,0,nan,nan,nan,nan,nan,22311.763
3.14,816.4,0,-6000,260,0,0,0,-0,0,0,0,0,0,0,0,0,0,0,0,0,0,0,0,0,0.82161032,260,6000,1,0,nan,nan,nan,nan,nan,22311.763
3.16,821.6,0,-6000,260,0,0,0,-0,0,0,0,0,0,0,0,0,0,0,0,0,0,0,0,0,0.82161032,260,6000,1,0,nan,nan,nan,nan,nan,22311.763
3.18,826.8,0,-6000,260,0,0,0,-0,0,0,0,0,0,0,0,0,0,0,0,0,0,0,0,0,0.82161032,260,6000,1,0,nan,nan,nan,nan,nan,22311.763
3.2,832,0,-6000,260,0,0,0,-0,0,0,0,0,0,0,0,0,0,0,0,0,0,0,0,0,0.82161032,260,6000,1,0,nan,nan,nan,nan,nan,22311.763
3.22,837.2,0,-6000,260,0,0,0,-0,0,0,0,0,0,0,0,0,0,0,0,0,0,0,0,0,0.82161032,260,6000,1,0,nan,nan,nan,nan,nan,22311.763
3.24,842.4,0,-6000,260,0,0,0,-0,0,0,0,0,0,0,0,0,0,0,0,0,0,0,0,0,0.82161032,260,6000,1,0,nan,nan,nan,nan,nan,22311.763
3.26,847.6,0,-6000,260,0,0,0,-0,0,0,0,0,0,0,0,0,0,0,0,0,0,0,0,0,0.82161032,260,6000,1,0,nan,nan,nan,nan,nan,22311.763
3.28,852.8,0,-6000,260,0,0,0,-0,0,0,0,0,0,0,0,0,0,0,0,0,0,0,0,0,0.82161032,260,6000,1,0,nan,nan,nan,nan,nan,22311.763
3.3,858,0,-6000,260,0,0,0,-0,0,0,0,0,0,0,0,0,0,0,0,0,0,0,0,0,0.82161032,260,6000,1,0,nan,nan,nan,nan,nan,22311.763
3.32,863.2,0,-6000,260,0,0,0,-0,0,0,0,0,0,0,0,0,0,0,0,0,0,0,0,0,0.82161032,260,6000,1,0,nan,nan,nan,nan,nan,22311.763
3.34,868.4,0,-6000,260,0,0,0,-0,0,0,0,0,0,0,0,0,0,0,0,0,0,0,0,0,0.82161032,260,6000,1,0,nan,nan,nan,nan,nan,22311.763
3.36,873.6,0,-6000,260,0,0,0,-0,0,0,0,0,0,0,0,0,0,0,0,0,0,0,0,0,0.82161032,260,6000,1,0,nan,nan,nan,nan,nan,22311.763
3.38,878.8,0,-6000,260,0,0,0,-0,0,0,0,0,0,0,0,0,0,0,0,0,0,0,0,0,0.82161032,260,6000,1,0,nan,nan,nan,nan,nan,22311.763
3.4,884,0,-6000,260,0,0,0,-0,0,0,0,0,0,0,0,0,0,0,0,0,0,0,0,0,0.82161032,260,6000,1,0,nan,nan,nan,nan,nan,22311.763
3.42,889.2,0,-6000,260,0,0,0,-0,0,0,0,0,0,0,0,0,0,0,0,0,0,0,0,0,0.82161032,260,6000,1,0,nan,nan,nan,nan,nan,22311.763
3.44,894.4,0,-6000,260,0,0,0,-0,0,0,0,0,0,0,0,0,0,0,0,0,0,0,0,0,0.82161032,260,6000,1,0,nan,nan,nan,nan,nan,22311.763
3.46,899.6,0,-6000,260,0,0,0,-0,0,0,0,0,0,0,0,0,0,0,0,0,0,0,0,0,0.82161032,260,6000,1,0,nan,nan,nan,nan,nan,22311.763
3.48,904.8,0,-6000,260,0,0,0,-0,0,0,0,0,0,0,0,0,0,0,0,0,0,0,0,0,0.82161032,260,6000,1,0,nan,nan,nan,nan,nan,22311.763
3.5,910,0,-6000,260,0,0,0,-0,0,0,0,0,0,0,0,0,0,0,0,0,0,0,0,0,0.82161032,260,6000,1,0,nan,nan,nan,nan,nan,22311.763
3.52,915.2,0,-6000,260,0,0,0,-0,0,0,0,0,0,0,0,0,0,0,0,0,0,0,0,0,0.82161032,260,6000,1,0,nan,nan,nan,nan,nan,22311.763
3.54,920.4,0,-6000,260,0,0,0,-0,0,0,0,0,0,0,0,0,0,0,0,0,0,0,0,0,0.82161032,260,6000,1,0,nan,nan,nan,nan,nan,22311.763
3.56,925.6,0,-6000,260,0,0,0,-0,0,0,0,0,0,0,0,0,0,0,0,0,0,0,0,0,0.82161032,260,6000,1,0,nan,nan,nan,nan,nan,22311.763
3.58,930.8,0,-6000,260,0,0,0,-0,0,0,0,0,0,0,0,0,0,0,0,0,0,0,0,0,0.82161032,260,6000,1,0,nan,nan,nan,nan,nan,22311.763
3.6,936,0,-6000,260,0,0,0,-0,0,0,0,0,0,0,0,0,0,0,0,0,0,0,0,0,0.82161032,260,6000,1,0,nan,nan,nan,nan,nan,22311.763
3.62,941.2,0,-6000,260,0,0,0,-0,0,0,0,0,0,0,0,0,0,0,0,0,0,0,0,0,0.82161032,260,6000,1,0,nan,nan,nan,nan,nan,22311.763
3.64,946.4,0,-6000,260,0,0,0,-0,0,0,0,0,0,0,0,0,0,0,0,0,0,0,0,0,0.82161032,260,6000,1,0,nan,nan,nan,nan,nan,22311.763
3.66,951.6,0,-6000,260,0,0,0,-0,0,0,0,0,0,0,0,0,0,0,0,0,0,0,0,0,0.82161032,260,6000,1,0,nan,nan,nan,nan,nan,22311.763
3.68,956.8,0,-6000,260,0,0,0,-0,0,0,0,0,0,0,0,0,0,0,0,0,0,0,0,0,0.82161032,260,6000,1,0,nan,nan,nan,nan,nan,22311.763
3.7,962,0,-6000,260,0,0,0,-0,0,0,0,0,0,0,0,0,0,0,0,0,0,0,0,0,0.82161032,260,6000,1,0,nan,nan,nan,nan,nan,22311.763
3.72,967.2,0,-6000,260,0,0,0,-0,0,0,0,0,0,0,0,0,0,0,0,0,0,0,0,0,0.82161032,260,6000,1,0,nan,nan,nan,nan,nan,22311.763
3.74,972.4,0,-6000,260,0,0,0,-0,0,0,0,0,0,0,0,0,0,0,0,0,0,0,0,0,0.82161032,260,6000,1,0,nan,nan,nan,nan,nan,22311.763
3.76,977.6,0,-6000,260,0,0,0,-0,0,0,0,0,0,0,0,0,0,0,0,0,0,0,0,0,0.82161032,260,6000,1,0,nan,nan,nan,nan,nan,22311.763
3.78,982.8,0,-6000,260,0,0,0,-0,0,0,0,0,0,0,0,0,0,0,0,0,0,0,0,0,0.82161032,260,6000,1,0,nan,nan,nan,nan,nan,22311.763
3.8,988,0,-6000,260,0,0,0,-0,0,0,0,0,0,0,0,0,0,0,0,0,0,0,0,0,0.82161032,260,6000,1,0,nan,nan,nan,nan,nan,22311.763
3.82,993.2,0,-6000,260,0,0,0,-0,0,0,0,0,0,0,0,0,0,0,0,0,0,0,0,0,0.82161032,260,6000,1,0,nan,nan,nan,nan,nan,22311.763
3.84,998.4,0,-6000,260,0,0,0,-0,0,0,0,0,0,0,0,0,0,0,0,0,0,0,0,0,0.82161032,260,6000,1,0,nan,nan,nan,nan,nan,22311.763
3.86,1003.6,0,-6000,260,0,0,0,-0,0,0,0,0,0,0,0,0,0,0,0,0,0,0,0,0,0.82161032,260,6000,1,0,nan,nan,nan,nan,nan,22311.763
3.88,1008.8,0,-6000,260,0,0,0,-0,0,0,0,0,0,0,0,0,0,0,0,0,0,0,0,0,0.82161032,260,6000,1,0,nan,nan,nan,nan,nan,22311.763
3.9,1014,0,-6000,260,0,0,0,-0,0,0,0,0,0,0,0,0,0,0,0,0,0,0,0,0,0.82161032,260,6000,1,0,nan,nan,nan,nan,nan,22311.763
3.92,1019.2,0,-6000,260,0,0,0,-0,0,0,0,0,0,0,0,0,0,0,0,0,0,0,0,0,0.82161032,260,6000,1,0,nan,nan,nan,nan,nan,22311.763
3.94,1024.4,0,-6000,260,0,0,0,-0,0,0,0,0,0,0,0,0,0,0,0,0,0,0,0,0,0.82161032,260,6000,1,0,nan,nan,nan,nan,nan,22311.763
3.96,1029.6,0,-6000,260,0,0,0,-0,0,0,0,0,0,0,0,0,0,0,0,0,0,0,0,0,0.82161032,260,6000,1,0,nan,nan,nan,nan,nan,22311.763
3.98,1034.8,0,-6000,260,0,0,0,-0,0,0,0,0,0,0,0,0,0,0,0,0,0,0,0,0,0.82161032,260,6000,1,0,nan,nan,nan,nan,nan,22311.763
4,1040,0,-6000,260,0,0,0,-0,0,0,0,0,0,0,0,0,0,0,0,0,0,0,0,0,0.82161032,260,6000,1,0,nan,nan,nan,nan,nan,22311.763
4.02,1045.2,0,-6000,260,0,0,0,-0,0,0,0,0,0,0,0,0,0,0,0,0,0,0,0,0,0.82161032,260,6000,1,0,nan,nan,nan,nan,nan,22311.763
4.04,1050.4,0,-6000,260,0,0,0,-0,0,0,0,0,0,0,0,0,0,0,0,0,0,0,0,0,0.82161032,260,6000,1,0,nan,nan,nan,nan,nan,22311.763
4.06,1055.6,0,-6000,260,0,0,0,-0,0,0,0,0,0,0,0,0,0,0,0,0,0,0,0,0,0.82161032,260,6000,1,0,nan,nan,nan,nan,nan,22311.763
4.08,1060.8,0,-6000,260,0,0,0,-0,0,0,0,0,0,0,0,0,0,0,0,0,0,0,0,0,0.82161032,260,6000,1,0,nan,nan,nan,nan,nan,22311.763
4.1,1066,0,-6000,260,0,0,0,-0,0,0,0,0,0,0,0,0,0,0,0,0,0,0,0,0,0.82161032,260,6000,1,0,nan,nan,nan,nan,nan,22311.763
4.12,1071.2,0,-6000,260,0,0,0,-0,0,0,0,0,0,0,0,0,0,0,0,0,0,0,0,0,0.82161032,260,6000,1,0,nan,nan,nan,nan,nan,22311.763
4.14,1076.4,0,-6000,260,0,0,0,-0,0,0,0,0,0,0,0,0,0,0,0,0,0,0,0,0,0.82161032,260,6000,1,0,nan,nan,nan,nan,nan,22311.763
4.16,1081.6,0,-6000,260,0,0,0,-0,0,0,0,0,0,0,0,0,0,0,0,0,0,0,0,0,0.82161032,260,6000,1,0,nan,nan,nan,nan,nan,22311.763
4.18,1086.8,0,-6000,260,0,0,0,-0,0,0,0,0,0,0,0,0,0,0,0,0,0,0,0,0,0.82161032,260,6000,1,0,nan,nan,nan,nan,nan,22311.763
4.2,1092,0,-6000,260,0,0,0,-0,0,0,0,0,0,0,0,0,0,0,0,0,0,0,0,0,0.82161032,260,6000,1,0,nan,nan,nan,nan,nan,22311.763
4.22,1097.2,0,-6000,260,0,0,0,-0,0,0,0,0,0,0,0,0,0,0,0,0,0,0,0,0,0.82161032,260,6000,1,0,nan,nan,nan,nan,nan,22311.763
4.24,1102.4,0,-6000,260,0,0,0,-0,0,0,0,0,0,0,0,0,0,0,0,0,0,0,0,0,0.82161032,260,6000,1,0,nan,nan,nan,nan,nan,22311.763
4.26,1107.6,0,-6000,260,0,0,0,-0,0,0,0,0,0,0,0,0,0,0,0,0,0,0,0,0,0.82161032,260,6000,1,0,nan,nan,nan,nan,nan,22311.763
4.28,1112.8,0,-6000,260,0,0,0,-0,0,0,0,0,0,0,0,0,0,0,0,0,0,0,0,0,0.82161032,260,6000,1,0,nan,nan,nan,nan,nan,22311.763
4.3,1118,0,-6000,260,0,0,0,-0,0,0,0,0,0,0,0,0,0,0,0,0,0,0,0,0,0.82161032,260,6000,1,0,nan,nan,nan,nan,nan,22311.763
4.32,1123.2,0,-6000,260,0,0,0,-0,0,0,0,0,0,0,0,0,0,0,0,0,0,0,0,0,0.82161032,260,6000,1,0,nan,nan,nan,nan,nan,22311.763
4.34,1128.4,0,-6000,260,0,0,0,-0,0,0,0,0,0,0,0,0,0,0,0,0,0,0,0,0,0.82161032,260,6000,1,0,nan,nan,nan,nan,nan,22311.763
4.36,1133.6,0,-6000,260,0,0,0,-0,0,0,0,0,0,0,0,0,0,0,0,0,0,0,0,0,0.82161032,260,6000,1,0,nan,nan,nan,nan,nan,22311.763
4.38,1138.8,0,-6000,260,0,0,0,-0,0,0,0,0,0,0,0,0,0,0,0,0,0,0,0,0,0.82161032,260,6000,1,0,nan,nan,nan,nan,nan,22311.763
4.4,1144,0,-6000,260,0,0,0,-0,0,0,0,0,0,0,0,0,0,0,0,0,0,0,0,0,0.82161032,260,6000,1,0,nan,nan,nan,nan,nan,22311.763
4.42,1149.2,0,-6000,260,0,0,0,-0,0,0,0,0,0,0,0,0,0,0,0,0,0,0,0,0,0.82161032,260,6000,1,0,nan,nan,nan,nan,nan,22311.763
4.44,1154.4,0,-6000,260,0,0,0,-0,0,0,0,0,0,0,0,0,0,0,0,0,0,0,0,0,0.82161032,260,6000,1,0,nan,nan,nan,nan,nan,22311.763
4.46,1159.6,0,-6000,260,0,0,0,-0,0,0,0,0,0,0,0,0,0,0,0,0,0,0,0,0,0.82161032,260,6000,1,0,nan,nan,nan,nan,nan,22311.763
4.48,1164.8,0,-6000,260,0,0,0,-0,0,0,0,0,0,0,0,0,0,0,0,0,0,0,0,0,0.82161032,260,6000,1,0,nan,nan,nan,nan,nan,22311.763
4.5,1170,0,-6000,260,0,0,0,-0,0,0,0,0,0,0,0,0,0,0,0,0,0,0,0,0,0.82161032,260,6000,1,0,nan,nan,nan,nan,nan,22311.763
4.52,1175.2,0,-6000,260,0,0,0,-0,0,0,0,0,0,0,0,0,0,0,0,0,0,0,0,0,0.82161032,260,6000,1,0,nan,nan,nan,nan,nan,22311.763
4.54,1180.4,0,-6000,260,0,0,0,-0,0,0,0,0,0,0,0,0,0,0,0,0,0,0,0,0,0.82161032,260,6000,1,0,nan,nan,nan,nan,nan,22311.763
4.56,1185.6,0,-6000,260,0,0,0,-0,0,0,0,0,0,0,0,0,0,0,0,0,0,0,0,0,0.82161032,260,6000,1,0,nan,nan,nan,nan,nan,22311.763
4.58,1190.8,0,-6000,260,0,0,0,-0,0,0,0,0,0,0,0,0,0,0,0,0,0,0,0,0,0.82161032,260,6000,1,0,nan,nan,nan,nan,nan,22311.763
4.6,1196,0,-6000,260,0,0,0,-0,0,0,0,0,0,0,0,0,0,0,0,0,0,0,0,0,0.82161032,260,6000,1,0,nan,nan,nan,nan,nan,22311.763
4.62,1201.2,0,-6000,260,0,0,0,-0,0,0,0,0,0,0,0,0,0,0,0,0,0,0,0,0,0.82161032,260,6000,1,0,nan,nan,nan,nan,nan,22311.763
4.64,1206.4,0,-6000,260,0,0,0,-0,0,0,0,0,0,0,0,0,0,0,0,0,0,0,0,0,0.82161032,260,6000,1,0,nan,nan,nan,nan,nan,22311.763
4.66,1211.6,0,-6000,260,0,0,0,-0,0,0,0,0,0,0,0,0,0,0,0,0,0,0,0,0,0.82161032,260,6000,1,0,nan,nan,nan,nan,nan,22311.763
4.68,1216.8,0,-6000,260,0,0,0,-0,0,0,0,0,0,0,0,0,0,0,0,0,0,0,0,0,0.82161032,260,6000,1,0,nan,nan,nan,nan,nan,22311.763
4.7,1222,0,-6000,260,0,0,0,-0,0,0,0,0,0,0,0,0,0,0,0,0,0,0,0,0,0.82161032,260,6000,1,0,nan,nan,nan,nan,nan,22311.763
4.72,1227.2,0,-6000,260,0,0,0,-0,0,0,0,0,0,0,0,0,0,0,0,0,0,0,0,0,0.82161032,260,6000,1,0,nan,nan,nan,nan,nan,22311.763
4.74,1232.4,0,-6000,260,0,0,0,-0,0,0,0,0,0,0,0,0,0,0,0,0,0,0,0,0,0.82161032,260,6000,1,0,nan,nan,nan,nan,nan,22311.763
4.76,1237.6,0,-6000,260,0,0,0,-0,0,0,0,0,0,0,0,0,0,0,0,0,0,0,0,0,0.82161032,260,6000,1,0,nan,nan,nan,nan,nan,22311.763
4.78,1242.8,0,-6000,260,0,0,0,-0,0,0,0,0,0,0,0,0,0,0,0,0,0,0,0,0,0.82161032,260,6000,1,0,nan,nan,nan,nan,nan,22311.763
4.8,1248,0,-6000,260,0,0,0,-0,0,0,0,0,0,0,0,0,0,0,0,0,0,0,0,0,0.82161032,260,6000,1,0,nan,nan,nan,nan,nan,22311.763
4.82,1253.2,0,-6000,260,0,0,0,-0,0,0,0,0,0,0,0,0,0,0,0,0,0,0,0,0,0.82161032,260,6000,1,0,nan,nan,nan,nan,nan,22311.763
4.84,1258.4,0,-6000,260,0,0,0,-0,0,0,0,0,0,0,0,0,0,0,0,0,0,0,0,0,0.82161032,260,6000,1,0,nan,nan,nan,nan,nan,22311.763
4.86,1263.6,0,-6000,260,0,0,0,-0,0,0,0,0,0,0,0,0,0,0,0,0,0,0,0,0,0.82161032,260,6000,1,0,nan,nan,nan,nan,nan,22311.763
4.88,1268.8,0,-6000,260,0,0,0,-0,0,0,0,0,0,0,0,0,0,0,0,0,0,0,0,0,0.82161032,260,6000,1,0,nan,nan,nan,nan,nan,22311.763
4.9,1274,0,-6000,260,0,0,0,-0,0,0,0,0,0,0,0,0,0,0,0,0,0,0,0,0,0.82161032,260,6000,1,0,nan,nan,nan,nan,nan,22311.763
4.92,1279.2,0,-6000,260,0,0,0,-0,0,0,0,0,0,0,0,0,0,0,0,0,0,0,0,0,0.82161032,260,6000,1,0,nan,nan,nan,nan,nan,22311.763
4.94,1284.4,0,-6000,260,0,0,0,-0,0,0,0,0,0,0,0,0,0,0,0,0,0,0,0,0,0.82161032,260,6000,1,0,nan,nan,nan,nan,nan,22311.763
4.96,1289.6,0,-6000,260,0,0,0,-0,0,0,0,0,0,0,0,0,0,0,0,0,0,0,0,0,0.82161032,260,6000,1,0,nan,nan,nan,nan,nan,22311.763
4.98,1294.8,0,-6000,260,0,0,0,-0,0,0,0,0,0,0,0,0,0,0,0,0,0,0,0,0,0.82161032,260,6000,1,0,nan,nan,nan,nan,nan,22311.763
5,1300,0,-6000,260,0,0,0,-0,0,0,0,0,0,0,0,0,0,0,0,0,0,0,0,0,0.82161032,260,6000,1,0,nan,nan,nan,nan,nan,22311.763
5.02,1305.2,0,-6000,260,0,0,0,-0,0,0,0,0,0,0,0,0,0,0,0,0,0,0,0,0,0.82161032,260,6000,1,0,nan,nan,nan,nan,nan,22311.763
5.04,1310.4,0,-6000,260,0,0,0,-0,0,0,0,0,0,0,0,0,0,0,0,0,0,0,0,0,0.82161032,260,6000,1,0,nan,nan,nan,nan,nan,22311.763
5.06,1315.6,0,-6000,260,0,0,0,-0,0,0,0,0,0,0,0,0,0,0,0,0,0,0,0,0,0.82161032,260,6000,1,0,nan,nan,nan,nan,nan,22311.763
5.08,1320.8,0,-6000,260,0,0,0,-0,0,0,0,0,0,0,0,0,0,0,0,0,0,0,0,0,0.82161032,260,6000,1,0,nan,nan,nan,nan,nan,22311.763
5.1,1326,0,-6000,260,0,0,0,-0,0,0,0,0,0,0,0,0,0,0,0,0,0,0,0,0,0.82161032,260,6000,1,0,nan,nan,nan,nan,nan,22311.763
5.12,1331.2,0,-6000,260,0,0,0,-0,0,0,0,0,0,0,0,0,0,0,0,0,0,0,0,0,0.82161032,260,6000,1,0,nan,nan,nan,nan,nan,22311.763
5.14,1336.4,0,-6000,260,0,0,0,-0,0,0,0,0,0,0,0,0,0,0,0,0,0,0,0,0,0.82161032,260,6000,1,0,nan,nan,nan,nan,nan,22311.763
5.16,1341.6,0,-6000,260,0,0,0,-0,0,0,0,0,0,0,0,0,0,0,0,0,0,0,0,0,0.82161032,260,6000,1,0,nan,nan,nan,nan,nan,22311.763
5.18,1346.8,0,-6000,260,0,0,0,-0,0,0,0,0,0,0,0,0,0,0,0,0,0,0,0,0,0.82161032,260,6000,1,0,nan,nan,nan,nan,nan,22311.763
5.2,1352,0,-6000,260,0,0,0,-0,0,0,0,0,0,0,0,0,0,0,0,0,0,0,0,0,0.82161032,260,6000,1,0,nan,nan,nan,nan,nan,22311.763
5.22,1357.2,0,-6000,260,0,0,0,-0,0,0,0,0,0,0,0,0,0,0,0,0,0,0,0,0,0.82161032,260,6000,1,0,nan,nan,nan,nan,nan,22311.763
5.24,1362.4,0,-6000,260,0,0,0,-0,0,0,0,0,0,0,0,0,0,0,0,0,0,0,0,0,0.82161032,260,6000,1,0,nan,nan,nan,nan,nan,22311.763
5.26,1367.6,0,-6000,260,0,0,0,-0,0,0,0,0,0,0,0,0,0,0,0,0,0,0,0,0,0.82161032,260,6000,1,0,nan,nan,nan,nan,nan,22311.763
5.28,1372.8,0,-6000,260,0,0,0,-0,0,0,0,0,0,0,0,0,0,0,0,0,0,0,0,0,0.82161032,260,6000,1,0,nan,nan,nan,nan,nan,22311.763
5.3,1378,0,-6000,260,0,0,0,-0,0,0,0,0,0,0,0,0,0,0,0,0,0,0,0,0,0.82161032,260,6000,1,0,nan,nan,nan,nan,nan,22311.763
5.32,1383.2,0,-6000,260,0,0,0,-0,0,0,0,0,0,0,0,0,0,0,0,0,0,0,0,0,0.82161032,260,6000,1,0,nan,nan,nan,nan,nan,22311.763
5.34,1388.4,0,-6000,260,0,0,0,-0,0,0,0,0,0,0,0,0,0,0,0,0,0,0,0,0,0.82161032,260,6000,1,0,nan,nan,nan,nan,nan,22311.763
5.36,1393.6,0,-6000,260,0,0,0,-0,0,0,0,0,0,0,0,0,0,0,0,0,0,0,0,0,0.82161032,260,6000,1,0,nan,nan,nan,nan,nan,22311.763
5.38,1398.8,0,-6000,260,0,0,0,-0,0,0,0,0,0,0,0,0,0,0,0,0,0,0,0,0,0.82161032,260,6000,1,0,nan,nan,nan,nan,nan,22311.763
5.4,1404,0,-6000,260,0,0,0,-0,0,0,0,0,0,0,0,0,0,0,0,0,0,0,0,0,0.82161032,260,6000,1,0,nan,nan,nan,nan,nan,22311.763
5.42,1409.2,0,-6000,260,0,0,0,-0,0,0,0,0,0,0,0,0,0,0,0,0,0,0,0,0,0.82161032,260,6000,1,0,nan,nan,nan,nan,nan,22311.763
5.44,1414.4,0,-6000,260,0,0,0,-0,0,0,0,0,0,0,0,0,0,0,0,0,0,0,0,0,0.82161032,260,6000,1,0,nan,nan,nan,nan,nan,22311.763
5.46,1419.6,0,-6000,260,0,0,0,-0,0,0,0,0,0,0,0,0,0,0,0,0,0,0,0,0,0.82161032,260,6000,1,0,nan,nan,nan,nan,nan,22311.763
5.48,1424.8,0,-6000,260,0,0,0,-0,0,0,0,0,0,0,0,0,0,0,0,0,0,0,0,0,0.82161032,260,6000,1,0,nan,nan,nan,nan,nan,22311.763
5.5,1430,0,-6000,260,0,0,0,-0,0,0,0,0,0,0,0,0,0,0,0,0,0,0,0,0,0.82161032,260,6000,1,0,nan,nan,nan,nan,nan,22311.763
5.52,1435.2,0,-6000,260,0,0,0,-0,0,0,0,0,0,0,0,0,0,0,0,0,0,0,0,0,0.82161032,260,6000,1,0,nan,nan,nan,nan,nan,22311.763
5.54,1440.4,0,-6000,260,0,0,0,-0,0,0,0,0,0,0,0,0,0,0,0,0,0,0,0,0,0.82161032,260,6000,1,0,nan,nan,nan,nan,nan,22311.763
5.56,1445.6,0,-6000,260,0,0,0,-0,0,0,0,0,0,0,0,0,0,0,0,0,0,0,0,0,0.82161032,260,6000,1,0,nan,nan,nan,nan,nan,22311.763
5.58,1450.8,0,-6000,260,0,0,0,-0,0,0,0,0,0,0,0,0,0,0,0,0,0,0,0,0,0.82161032,260,6000,1,0,nan,nan,nan,nan,nan,22311.763
5.6,1456,0,-6000,260,0,0,0,-0,0,0,0,0,0,0,0,0,0,0,0,0,0,0,0,0,0.82161032,260,6000,1,0,nan,nan,nan,nan,nan,22311.763
5.62,1461.2,0,-6000,260,0,0,0,-0,0,0,0,0,0,0,0,0,0,0,0,0,0,0,0,0,0.82161032,260,6000,1,0,nan,nan,nan,nan,nan,22311.763
5.64,1466.4,0,-6000,260,0,0,0,-0,0,0,0,0,0,0,0,0,0,0,0,0,0,0,0,0,0.82161032,260,6000,1,0,nan,nan,nan,nan,nan,22311.763
5.66,1471.6,0,-6000,260,0,0,0,-0,0,0,0,0,0,0,0,0,0,0,0,0,0,0,0,0,0.82161032,260,6000,1,0,nan,nan,nan,nan,nan,22311.763
5.68,1476.8,0,-6000,260,0,0,0,-0,0,0,0,0,0,0,0,0,0,0,0,0,0,0,0,0,0.82161032,260,6000,1,0,nan,nan,nan,nan,nan,22311.763
5.7,1482,0,-6000,260,0,0,0,-0,0,0,0,0,0,0,0,0,0,0,0,0,0,0,0,0,0.82161032,260,6000,1,0,nan,nan,nan,nan,nan,22311.763
5.72,1487.2,0,-6000,260,0,0,0,-0,0,0,0,0,0,0,0,0,0,0,0,0,0,0,0,0,0.82161032,260,6000,1,0,nan,nan,nan,nan,nan,22311.763
5.74,1492.4,0,-6000,260,0,0,0,-0,0,0,0,0,0,0,0,0,0,0,0,0,0,0,0,0,0.82161032,260,6000,1,0,nan,nan,nan,nan,nan,22311.763
5.76,1497.6,0,-6000,260,0,0,0,-0,0,0,0,0,0,0,0,0,0,0,0,0,0,0,0,0,0.82161032,260,6000,1,0,nan,nan,nan,nan,nan,22311.763
5.78,1502.8,0,-6000,260,0,0,0,-0,0,0,0,0,0,0,0,0,0,0,0,0,0,0,0,0,0.82161032,260,6000,1,0,nan,nan,nan,nan,nan,22311.763
5.8,1508,0,-6000,260,0,0,0,-0,0,0,0,0,0,0,0,0,0,0,0,0,0,0,0,0,0.82161032,260,6000,1,0,nan,nan,nan,nan,nan,22311.763
5.82,1513.2,0,-6000,260,0,0,0,-0,0,0,0,0,0,0,0,0,0,0,0,0,0,0,0,0,0.82161032,260,6000,1,0,nan,nan,nan,nan,nan,22311.763
5.84,1518.4,0,-6000,260,0,0,0,-0,0,0,0,0,0,0,0,0,0,0,0,0,0,0,0,0,0.82161032,260,6000,1,0,nan,nan,nan,nan,nan,22311.763
5.86,1523.6,0,-6000,260,0,0,0,-0,0,0,0,0,0,0,0,0,0,0,0,0,0,0,0,0,0.82161032,260,6000,1,0,nan,nan,nan,nan,nan,22311.763
5.88,1528.8,0,-6000,260,0,0,0,-0,0,0,0,0,0,0,0,0,0,0,0,0,0,0,0,0,0.82161032,260,6000,1,0,nan,nan,nan,nan,nan,22311.763
5.9,1534,0,-6000,260,0,0,0,-0,0,0,0,0,0,0,0,0,0,0,0,0,0,0,0,0,0.82161032,260,6000,1,0,nan,nan,nan,nan,nan,22311.763
5.92,1539.2,0,-6000,260,0,0,0,-0,0,0,0,0,0,0,0,0,0,0,0,0,0,0,0,0,0.82161032,260,6000,1,0,nan,nan,nan,nan,nan,22311.763
5.94,1544.4,0,-6000,260,0,0,0,-0,0,0,0,0,0,0,0,0,0,0,0,0,0,0,0,0,0.82161032,260,6000,1,0,nan,nan,nan,nan,nan,22311.763
5.96,1549.6,0,-6000,260,0,0,0,-0,0,0,0,0,0,0,0,0,0,0,0,0,0,0,0,0,0.82161032,260,6000,1,0,nan,nan,nan,nan,nan,22311.763
5.98,1554.8,0,-6000,260,0,0,0,-0,0,0,0,0,0,0,0,0,0,0,0,0,0,0,0,0,0.82161032,260,6000,1,0,nan,nan,nan,nan,nan,22311.763
6,1560,0,-6000,260,0,0,0,-0,0,0,0,0,0,0,0,0,0,0,0,0,0,0,0,0,0.82161032,260,6000,1,0,nan,nan,nan,nan,nan,22311.763
6.02,1565.2,0,-6000,260,0,0,0,-0,0,0,0,0,0,0,0,0,0,0,0,0,0,0,0,0,0.82161032,260,6000,1,0,nan,nan,nan,nan,nan,22311.763
6.04,1570.4,0,-6000,260,0,0,0,-0,0,0,0,0,0,0,0,0,0,0,0,0,0,0,0,0,0.82161032,260,6000,1,0,nan,nan,nan,nan,nan,22311.763
6.06,1575.6,0,-6000,260,0,0,0,-0,0,0,0,0,0,0,0,0,0,0,0,0,0,0,0,0,0.82161032,260,6000,1,0,nan,nan,nan,nan,nan,22311.763
6.08,1580.8,0,-6000,260,0,0,0,-0,0,0,0,0,0,0,0,0,0,0,0,0,0,0,0,0,0.82161032,260,6000,1,0,nan,nan,nan,nan,nan,22311.763
6.1,1586,0,-6000,260,0,0,0,-0,0,0,0,0,0,0,0,0,0,0,0,0,0,0,0,0,0.82161032,260,6000,1,0,nan,nan,nan,nan,nan,22311.763
6.12,1591.2,0,-6000,260,0,0,0,-0,0,0,0,0,0,0,0,0,0,0,0,0,0,0,0,0,0.82161032,260,6000,1,0,nan,nan,nan,nan,nan,22311.763
6.14,1596.4,0,-6000,260,0,0,0,-0,0,0,0,0,0,0,0,0,0,0,0,0,0,0,0,0,0.82161032,260,6000,1,0,nan,nan,nan,nan,nan,22311.763
6.16,1601.6,0,-6000,260,0,0,0,-0,0,0,0,0,0,0,0,0,0,0,0,0,0,0,0,0,0.82161032,260,6000,1,0,nan,nan,nan,nan,nan,22311.763
6.18,1606.8,0,-6000,260,0,0,0,-0,0,0,0,0,0,0,0,0,0,0,0,0,0,0,0,0,0.82161032,260,6000,1,0,nan,nan,nan,nan,nan,22311.763
6.2,1612,0,-6000,260,0,0,0,-0,0,0,0,0,0,0,0,0,0,0,0,0,0,0,0,0,0.82161032,260,6000,1,0,nan,nan,nan,nan,nan,22311.763
6.22,1617.2,0,-6000,260,0,0,0,-0,0,0,0,0,0,0,0,0,0,0,0,0,0,0,0,0,0.82161032,260,6000,1,0,nan,nan,nan,nan,nan,22311.763
6.24,1622.4,0,-6000,260,0,0,0,-0,0,0,0,0,0,0,0,0,0,0,0,0,0,0,0,0,0.82161032,260,6000,1,0,nan,nan,nan,nan,nan,22311.763
6.26,1627.6,0,-6000,260,0,0,0,-0,0,0,0,0,0,0,0,0,0,0,0,0,0,0,0,0,0.82161032,260,6000,1,0,nan,nan,nan,nan,nan,22311.763
6.28,1632.8,0,-6000,260,0,0,0,-0,0,0,0,0,0,0,0,0,0,0,0,0,0,0,0,0,0.82161032,260,6000,1,0,nan,nan,nan,nan,nan,22311.763
6.3,1638,0,-6000,260,0,0,0,-0,0,0,0,0,0,0,0,0,0,0,0,0,0,0,0,0,0.82161032,260,6000,1,0,nan,nan,nan,nan,nan,22311.763
6.32,1643.2,0,-6000,260,0,0,0,-0,0,0,0,0,0,0,0,0,0,0,0,0,0,0,0,0,0.82161032,260,6000,1,0,nan,nan,nan,nan,nan,22311.763
6.34,1648.4,0,-6000,260,0,0,0,-0,0,0,0,0,0,0,0,0,0,0,0,0,0,0,0,0,0.82161032,260,6000,1,0,nan,nan,nan,nan,nan,22311.763
6.36,1653.6,0,-6000,260,0,0,0,-0,0,0,0,0,0,0,0,0,0,0,0,0,0,0,0,0,0.82161032,260,6000,1,0,nan,nan,nan,nan,nan,22311.763
6.38,1658.8,0,-6000,260,0,0,0,-0,0,0,0,0,0,0,0,0,0,0,0,0,0,0,0,0,0.82161032,260,6000,1,0,nan,nan,nan,nan,nan,22311.763
6.4,1664,0,-6000,260,0,0,0,-0,0,0,0,0,0,0,0,0,0,0,0,0,0,0,0,0,0.82161032,260,6000,1,0,nan,nan,nan,nan,nan,22311.763
6.42,1669.2,0,-6000,260,0,0,0,-0,0,0,0,0,0,0,0,0,0,0,0,0,0,0,0,0,0.82161032,260,6000,1,0,nan,nan,nan,nan,nan,22311.763
