alpha_rad,beta_rad,CN
-0.174532925,-0.523598776,-0.079000
-0.174532925,-0.436332313,-0.074000
-0.174532925,-0.349065850,-0.064000
-0.174532925,-0.261799388,-0.056000
-0.174532925,-0.174532925,-0.038000
-0.174532925,-0.087266463,-0.018000
-0.174532925,0.000000000,0.000000
-0.174532925,0.087266463,0.018000
-0.174532925,0.174532925,0.038000
-0.174532925,0.261799388,0.056000
-0.174532925,0.349065850,0.064000
-0.174532925,0.436332313,0.074000
-0.174532925,0.523598776,0.079000
-0.087266463,-0.523598776,-0.090000
-0.087266463,-0.436332313,-0.086000
-0.087266463,-0.349065850,-0.077000
-0.087266463,-0.261799388,-0.057000
-0.087266463,-0.174532925,-0.042000
-0.087266463,-0.087266463,-0.019000
-0.087266463,0.000000000,0.000000
-0.087266463,0.087266463,0.019000
-0.087266463,0.174532925,0.042000
-0.087266463,0.261799388,0.057000
-0.087266463,0.349065850,0.077000
-0.087266463,0.436332313,0.086000
-0.087266463,0.523598776,0.090000
0.000000000,-0.523598776,-0.106000
0.000000000,-0.436332313,-0.093000
0.000000000,-0.349065850,-0.076000
0.000000000,-0.261799388,-0.059000
0.000000000,-0.174532925,-0.042000
0.000000000,-0.087266463,-0.018000
0.000000000,0.000000000,0.000000
0.000000000,0.087266463,0.018000
0.000000000,0.174532925,0.042000
0.000000000,0.261799388,0.059000
0.000000000,0.349065850,0.076000
0.000000000,0.436332313,0.093000
0.000000000,0.523598776,0.106000
0.087266463,-0.523598776,-0.106000
0.087266463,-0.436332313,-0.089000
0.087266463,-0.349065850,-0.074000
0.087266463,-0.261799388,-0.058000
0.087266463,-0.174532925,-0.042000
0.087266463,-0.087266463,-0.019000
0.087266463,0.000000000,0.000000
0.087266463,0.087266463,0.019000
0.087266463,0.174532925,0.042000
0.087266463,0.261799388,0.058000
0.087266463,0.349065850,0.074000
0.087266463,0.436332313,0.089000
0.087266463,0.523598776,0.106000
0.174532925,-0.523598776,-0.096000
0.174532925,-0.436332313,-0.080000
0.174532925,-0.349065850,-0.073000
0.174532925,-0.261799388,-0.058000
0.174532925,-0.174532925,-0.043000
0.174532925,-0.087266463,-0.019000
0.174532925,0.000000000,0.000000
0.174532925,0.087266463,0.019000
0.174532925,0.174532925,0.043000
0.174532925,0.261799388,0.058000
0.174532925,0.349065850,0.073000
0.174532925,0.436332313,0.080000
0.174532925,0.523598776,0.096000
0.261799388,-0.523598776,-0.080000
0.261799388,-0.436332313,-0.062000
0.261799388,-0.349065850,-0.057000
0.261799388,-0.261799388,-0.053000
0.261799388,-0.174532925,-0.039000
0.261799388,-0.087266463,-0.018000
0.261799388,0.000000000,0.000000
0.261799388,0.087266463,0.018000
0.261799388,0.174532925,0.039000
0.261799388,0.261799388,0.053000
0.261799388,0.349065850,0.057000
0.261799388,0.436332313,0.062000
0.261799388,0.523598776,0.080000
0.349065850,-0.523598776,-0.068000
0.349065850,-0.436332313,-0.049000
0.349065850,-0.349065850,-0.029000
0.349065850,-0.261799388,-0.032000
0.349065850,-0.174532925,-0.030000
0.349065850,-0.087266463,-0.013000
0.349065850,0.000000000,0.000000
0.349065850,0.087266463,0.013000
0.349065850,0.174532925,0.030000
0.349065850,0.261799388,0.032000
0.349065850,0.349065850,0.029000
0.349065850,0.436332313,0.049000
0.349065850,0.523598776,0.068000
0.436332313,-0.523598776,-0.030000
0.436332313,-0.436332313,-0.022000
0.436332313,-0.349065850,-0.007000
0.436332313,-0.261799388,-0.012000
0.436332313,-0.174532925,-0.017000
0.436332313,-0.087266463,-0.007000
0.436332313,0.000000000,0.000000
0.436332313,0.087266463,0.007000
0.436332313,0.174532925,0.017000
0.436332313,0.261799388,0.012000
0.436332313,0.349065850,0.007000
0.436332313,0.436332313,0.022000
0.436332313,0.523598776,0.030000
0.523598776,-0.523598776,-0.064000
0.523598776,-0.436332313,-0.028000
0.523598776,-0.349065850,-0.012000
0.523598776,-0.261799388,-0.002000
0.523598776,-0.174532925,-0.004000
0.523598776,-0.087266463,-0.004000
0.523598776,0.000000000,0.000000
0.523598776,0.087266463,0.004000
0.523598776,0.174532925,0.004000
0.523598776,0.261799388,0.002000
0.523598776,0.349065850,0.012000
0.523598776,0.436332313,0.028000
0.523598776,0.523598776,0.064000
0.610865238,-0.523598776,-0.015000
0.610865238,-0.436332313,0.012000
0.610865238,-0.349065850,0.034000
0.610865238,-0.261799388,0.046000
0.610865238,-0.174532925,0.035000
0.610865238,-0.087266463,0.014000
0.610865238,0.000000000,0.000000
0.610865238,0.087266463,-0.014000
0.610865238,0.174532925,-0.035000
0.610865238,0.261799388,-0.046000
0.610865238,0.349065850,-0.034000
0.610865238,0.436332313,-0.012000
0.610865238,0.523598776,0.015000
0.698131701,-0.523598776,-0.011000
0.698131701,-0.436332313,0.002000
0.698131701,-0.349065850,0.065000
0.698131701,-0.261799388,0.071000
0.698131701,-0.174532925,0.047000
0.698131701,-0.087266463,0.017000
0.698131701,0.000000000,0.000000
0.698131701,0.087266463,-0.017000
0.698131701,0.174532925,-0.047000
0.698131701,0.261799388,-0.071000
0.698131701,0.349065850,-0.065000
0.698131701,0.436332313,-0.002000
0.698131701,0.523598776,0.011000
0.785398163,-0.523598776,0.001000
0.785398163,-0.436332313,0.013000
0.785398163,-0.349065850,0.041000
0.785398163,-0.261799388,0.073000
0.785398163,-0.174532925,0.057000
0.785398163,-0.087266463,0.033000
0.785398163,0.000000000,0.000000
0.785398163,0.087266463,-0.033000
0.785398163,0.174532925,-0.057000
0.785398163,0.261799388,-0.073000
0.785398163,0.349065850,-0.041000
0.785398163,0.436332313,-0.013000
0.785398163,0.523598776,-0.001000
